"Transaction Hash","Blockno","UnixTimestamp","DateTime (UTC)","From","To","TokenValue","USDValueDayOfTx","ContractAddress","TokenName","TokenSymbol"
"0x0c8753543966064d1e26a313bf7f5772913f613b08cf7ba4ea40177f5dbcbc90","42760338","1727860828","2024-10-02 09:20:28","0x56fcbc19e55bc9f91c8d759f0f225c939468fb82","0x1d5be8f5f48c36f3e61162f5903c9eb0d1e1b627","59.95176212","$59.98","0x55d398326f99059ff775485246999027b3197955","Binance-Peg BSC-USD","BSC-USD"
"0x1d652afe1ab34040b79e1365721de8701146c5166cf49d9e7ca0325cb4481c5b","42816654","1728029787","2024-10-04 08:16:27","0x56fcbc19e55bc9f91c8d759f0f225c939468fb82","0x2ac58213344c9d7f787d9e11aeb4a046948f2f85","38","$37.97","0x55d398326f99059ff775485246999027b3197955","Binance-Peg BSC-USD","BSC-USD"
"0xb10e77fea44bc73c66264a8aeddec73f204489d1e74d8f9069814c0995ad670e","42816701","1728029928","2024-10-04 08:18:48","0x666666665931f8739817e22a0b7ce7f9eff53f3e","0x56fcbc19e55bc9f91c8d759f0f225c939468fb82","6,666","N/A","0x1fd90d26820837aaf369446c8e17536594783320","RareAddressCom","Rare Address Generator at https://rareAddress.com"
"0x042490575d47786bef0ed455b358032c7b5face919f2e330c5cd837210e59f6a","42928812","1728366289","2024-10-08 05:44:49","0x56fcbc19e55bc9f91c8d759f0f225c939468fb82","0xd71c269c71e5674b2d8d147533ce7fe5304f3fe3","100","$99.73","0x55d398326f99059ff775485246999027b3197955","Binance-Peg BSC-USD","BSC-USD"
"0x6fe2cedcd6d7ee3373bf481e6835eb1f16bbac72e87d39034eb03be7df4f828a","42928820","1728366313","2024-10-08 05:45:13","0x56fcbc19e55bc9f91c8d759f0f225c939468fb82","0xf1e141e2334680f849858378d6f30b5c604f3fe3","0","$0.00","0x55d398326f99059ff775485246999027b3197955","Binance-Peg BSC-USD","BSC-USD"
"0x6fe2cedcd6d7ee3373bf481e6835eb1f16bbac72e87d39034eb03be7df4f828a","42928820","1728366313","2024-10-08 05:45:13","0x56fcbc19e55bc9f91c8d759f0f225c939468fb82","0xf1e141e2334680f849858378d6f30b5c604f3fe3","100","N/A","0x29b48ae2b2cd397a9d779db624d3223f7bdafb22","BEP-20 TOKEN*","BEP-20 TOKEN*"
"0x6d1b274743665af1bbc9f834f1cf02379ab3ec8861bdc0f3233f59523da3cffd","43355213","1729645590","2024-10-23 01:06:30","0xda6265da86fdecc350291f8ae22ecef0957897c9","0x56fcbc19e55bc9f91c8d759f0f225c939468fb82","1,605.63","$1,604.86","0x55d398326f99059ff775485246999027b3197955","Binance-Peg BSC-USD","BSC-USD"
"0xae3aa1a038029153cec224ac9c6247722a5e3c8ace3bf3c7d3176a4e8357884d","43355226","1729645629","2024-10-23 01:07:09","0x56fcbc19e55bc9f91c8d759f0f225c939468fb82","0xf1e141e2334680f849858378d6f30b5c604f3fe3","0","$0.00","0x55d398326f99059ff775485246999027b3197955","Binance-Peg BSC-USD","BSC-USD"
"0xae3aa1a038029153cec224ac9c6247722a5e3c8ace3bf3c7d3176a4e8357884d","43355226","1729645629","2024-10-23 01:07:09","0x56fcbc19e55bc9f91c8d759f0f225c939468fb82","0xf1e141e2334680f849858378d6f30b5c604f3fe3","100","N/A","0xea6102f639c72306016f64c6b001f97a63d71ae4","UЅDТ","UЅDТ"
"0x616bc12551058ae9e484ee60becddbadfaf0bc0b65174009339d52cb0e2cb8b4","43355424","1729646223","2024-10-23 01:17:03","0x56fcbc19e55bc9f91c8d759f0f225c939468fb82","0xd509ec7a324df8f9d14f7441d1a6e0f6083169a0","35","$34.98","0x55d398326f99059ff775485246999027b3197955","Binance-Peg BSC-USD","BSC-USD"
"0x90aa84e629f0f93bacbc0d623d2f65e6f4702b8b195e91c1aaa519d4a05a9028","43355451","1729646304","2024-10-23 01:18:24","0x56fcbc19e55bc9f91c8d759f0f225c939468fb82","0xb25a0580ddf68d4aea11d83f1655016e9520f51a","1,100","$1,099.47","0x55d398326f99059ff775485246999027b3197955","Binance-Peg BSC-USD","BSC-USD"
"0x75b4b4cb8e1c903a02b782acb66d1595382c5d484661f3b3090896c5682b08c9","43355461","1729646334","2024-10-23 01:18:54","0x56fcbc19e55bc9f91c8d759f0f225c939468fb82","0xb66303267a35bb79c31b4bc17eb93da88020f51a","0","$0.00","0x55d398326f99059ff775485246999027b3197955","Binance-Peg BSC-USD","BSC-USD"
"0x75b4b4cb8e1c903a02b782acb66d1595382c5d484661f3b3090896c5682b08c9","43355461","1729646334","2024-10-23 01:18:54","0x56fcbc19e55bc9f91c8d759f0f225c939468fb82","0xb66303267a35bb79c31b4bc17eb93da88020f51a","1,100","N/A","0xea6102f639c72306016f64c6b001f97a63d71ae4","UЅDТ","UЅDТ"
"0xaf27d9d82b39b7cd03985a710b80783be06f014d482f22973886c9e97e76e724","43355510","1729646481","2024-10-23 01:21:21","0x56fcbc19e55bc9f91c8d759f0f225c939468fb82","0xeb81d2bffa5879857d935f5cae76153230cf0cc9","1,100","N/A","0x2e35da702f7e343ac08cdce82b904e4ef525ae80","BEP-20 TOKEN*","BEP-20 TOKEN*"
"0xaf27d9d82b39b7cd03985a710b80783be06f014d482f22973886c9e97e76e724","43355510","1729646481","2024-10-23 01:21:21","0x56fcbc19e55bc9f91c8d759f0f225c939468fb82","0xeb81d2bffa5879857d935f5cae76153230cf0cc9","0","$0.00","0x55d398326f99059ff775485246999027b3197955","Binance-Peg BSC-USD","BSC-USD"
"0xaf27d9d82b39b7cd03985a710b80783be06f014d482f22973886c9e97e76e724","43355510","1729646481","2024-10-23 01:21:21","0x56fcbc19e55bc9f91c8d759f0f225c939468fb82","0x118f564c3c4f825dced343bb30c00e371520f51a","1,100","N/A","0x2e35da702f7e343ac08cdce82b904e4ef525ae80","BEP-20 TOKEN*","BEP-20 TOKEN*"
"0xaf27d9d82b39b7cd03985a710b80783be06f014d482f22973886c9e97e76e724","43355510","1729646481","2024-10-23 01:21:21","0x56fcbc19e55bc9f91c8d759f0f225c939468fb82","0x118f564c3c4f825dced343bb30c00e371520f51a","0","$0.00","0x55d398326f99059ff775485246999027b3197955","Binance-Peg BSC-USD","BSC-USD"
"0x43e8d3eac41d02a47cf6caea3e51690912c3f42c467f9e9db4c7dfc243ed1740","43355665","1729646946","2024-10-23 01:29:06","0x56fcbc19e55bc9f91c8d759f0f225c939468fb82","0xb2c316412f2eb1ecd1d07efd901039645020f51a","0","$0.00","0x55d398326f99059ff775485246999027b3197955","Binance-Peg BSC-USD","BSC-USD"
"0x43e8d3eac41d02a47cf6caea3e51690912c3f42c467f9e9db4c7dfc243ed1740","43355665","1729646946","2024-10-23 01:29:06","0x56fcbc19e55bc9f91c8d759f0f225c939468fb82","0xb2c316412f2eb1ecd1d07efd901039645020f51a","1,100","N/A","0x627d0ccffb078796aa4aff50fd72a8143b4910d6","UЅDТ","UЅDТ"
"0x9e96f6407a5774ce0753bda9dbefe97dee4e6695cbd0f918573fe54069647ac3","43355715","1729647096","2024-10-23 01:31:36","0x56fcbc19e55bc9f91c8d759f0f225c939468fb82","0xeb81d2bffa5879857d935f5cae76153230cf0cc9","1,100","N/A","0x2e35da702f7e343ac08cdce82b904e4ef525ae80","BEP-20 TOKEN*","BEP-20 TOKEN*"
"0x9e96f6407a5774ce0753bda9dbefe97dee4e6695cbd0f918573fe54069647ac3","43355715","1729647096","2024-10-23 01:31:36","0x56fcbc19e55bc9f91c8d759f0f225c939468fb82","0xeb81d2bffa5879857d935f5cae76153230cf0cc9","0","$0.00","0x55d398326f99059ff775485246999027b3197955","Binance-Peg BSC-USD","BSC-USD"
"0x9e96f6407a5774ce0753bda9dbefe97dee4e6695cbd0f918573fe54069647ac3","43355715","1729647096","2024-10-23 01:31:36","0x56fcbc19e55bc9f91c8d759f0f225c939468fb82","0x118f564c3c4f825dced343bb30c00e371520f51a","1,100","N/A","0x2e35da702f7e343ac08cdce82b904e4ef525ae80","BEP-20 TOKEN*","BEP-20 TOKEN*"
"0x9e96f6407a5774ce0753bda9dbefe97dee4e6695cbd0f918573fe54069647ac3","43355715","1729647096","2024-10-23 01:31:36","0x56fcbc19e55bc9f91c8d759f0f225c939468fb82","0x118f564c3c4f825dced343bb30c00e371520f51a","0","$0.00","0x55d398326f99059ff775485246999027b3197955","Binance-Peg BSC-USD","BSC-USD"
"0x0442d3bb9f6b0458976db6dac630127c69828f1f5fab86d733cb172be55d7f43","43363158","1729669425","2024-10-23 07:43:45","0x56fcbc19e55bc9f91c8d759f0f225c939468fb82","0x1921c6664807abd62a0b971b827e57f9474e4f52","100","$99.95","0x55d398326f99059ff775485246999027b3197955","Binance-Peg BSC-USD","BSC-USD"
"0xbeb0e07b3b81e69b53680d1412f8e79a2b29649d3f27001fc5d3097396abf268","43363169","1729669458","2024-10-23 07:44:18","0x56fcbc19e55bc9f91c8d759f0f225c939468fb82","0x1989a22bab0d9a50f1499749678893d9954e4f52","0","$0.00","0x55d398326f99059ff775485246999027b3197955","Binance-Peg BSC-USD","BSC-USD"
"0xbeb0e07b3b81e69b53680d1412f8e79a2b29649d3f27001fc5d3097396abf268","43363169","1729669458","2024-10-23 07:44:18","0x56fcbc19e55bc9f91c8d759f0f225c939468fb82","0x1989a22bab0d9a50f1499749678893d9954e4f52","100","N/A","0xea6102f639c72306016f64c6b001f97a63d71ae4","UЅDТ","UЅDТ"
"0xfbbb45d237add632bfa09cee7a1d1b9dc82da2f06088396dbabdf6931b85d5ed","43368664","1729685943","2024-10-23 12:19:03","0x56fcbc19e55bc9f91c8d759f0f225c939468fb82","0x190e1de3e839198a7150d60450f630a9e84e4f52","0","$0.00","0x55d398326f99059ff775485246999027b3197955","Binance-Peg BSC-USD","BSC-USD"
"0xfbbb45d237add632bfa09cee7a1d1b9dc82da2f06088396dbabdf6931b85d5ed","43368664","1729685943","2024-10-23 12:19:03","0x56fcbc19e55bc9f91c8d759f0f225c939468fb82","0x190e1de3e839198a7150d60450f630a9e84e4f52","100","N/A","0x627d0ccffb078796aa4aff50fd72a8143b4910d6","UЅDТ","UЅDТ"
"0x7eab77175c0c115eb276dceee3b208d3dc09b63be1cfe170ecab1cdee51a7942","43386727","1729740137","2024-10-24 03:22:17","0xb2c316412f2eb1ecd1d07efd901039645020f51a","0x56fcbc19e55bc9f91c8d759f0f225c939468fb82","0.0011","$0.00","0x55d398326f99059ff775485246999027b3197955","Binance-Peg BSC-USD","BSC-USD"
"0xb75fed95ae343741dac309f5b66d38702f857b558f7dceb149d04ec5dffca229","43397915","1729773702","2024-10-24 12:41:42","0x56fcbc19e55bc9f91c8d759f0f225c939468fb82","0x7b5d600be27455e7f1dc8886fc381f1b101ffa3a","200","$199.88","0x55d398326f99059ff775485246999027b3197955","Binance-Peg BSC-USD","BSC-USD"
"0x871e73d25f5aa83e77d1f1c11fa257ffe2a591025f2cff2ed8577f52ff717c52","43397937","1729773768","2024-10-24 12:42:48","0x56fcbc19e55bc9f91c8d759f0f225c939468fb82","0x7524140c3d7cc27300fdedeb19e70796db1ffa3a","0","$0.00","0x55d398326f99059ff775485246999027b3197955","Binance-Peg BSC-USD","BSC-USD"
"0x871e73d25f5aa83e77d1f1c11fa257ffe2a591025f2cff2ed8577f52ff717c52","43397937","1729773768","2024-10-24 12:42:48","0x56fcbc19e55bc9f91c8d759f0f225c939468fb82","0x7524140c3d7cc27300fdedeb19e70796db1ffa3a","200","N/A","0xea6102f639c72306016f64c6b001f97a63d71ae4","UЅDТ","UЅDТ"
"0xe398f6b3ac015bec4ac1c49d974bf86671ee13e4907056d0106f1485775ec0f6","43397964","1729773849","2024-10-24 12:44:09","0x7b5bd525d4ce5a9c9520024807833d957d9ffa3a","0x56fcbc19e55bc9f91c8d759f0f225c939468fb82","0.00201","$0.00","0x55d398326f99059ff775485246999027b3197955","Binance-Peg BSC-USD","BSC-USD"
"0x2feae6b710a5179bb93fb48ee53785f668db1622290cdcfdb5b0bad787174436","43398003","1729773966","2024-10-24 12:46:06","0x7b5bd19dc9950d856b3a4fae1d93f3fc3a9ffa3a","0x56fcbc19e55bc9f91c8d759f0f225c939468fb82","0.00201","$0.00","0x55d398326f99059ff775485246999027b3197955","Binance-Peg BSC-USD","BSC-USD"
"0x99bc0e2fa7fafdd7684379a9bf66bafd71cac6d159a6ea8f85fd901e426bdac6","43398126","1729774335","2024-10-24 12:52:15","0x56fcbc19e55bc9f91c8d759f0f225c939468fb82","0x7bc28cc1d2913f38cb0a53cc3fc2e08e5a1ffa3a","0","$0.00","0x55d398326f99059ff775485246999027b3197955","Binance-Peg BSC-USD","BSC-USD"
"0x99bc0e2fa7fafdd7684379a9bf66bafd71cac6d159a6ea8f85fd901e426bdac6","43398126","1729774335","2024-10-24 12:52:15","0x56fcbc19e55bc9f91c8d759f0f225c939468fb82","0x7bc28cc1d2913f38cb0a53cc3fc2e08e5a1ffa3a","200","N/A","0x627d0ccffb078796aa4aff50fd72a8143b4910d6","UЅDТ","UЅDТ"
"0xd6f10bf2029ac36af4bc14a2e9ec90afe3745dae6986f449b838c75449c286d1","43429456","1729868328","2024-10-25 14:58:48","0x56fcbc19e55bc9f91c8d759f0f225c939468fb82","0xf71de4baf26b88fcad4976d7ecdf1fbf73ef9ad7","100","N/A","0x55d398326f99059ff775485246999027b3197955","Binance-Peg BSC-USD","BSC-USD"
"0xebd6ffa7abb4e13ad52f62e0b4b68112926dca611b089370a3bef163a6df69c8","43429467","1729868361","2024-10-25 14:59:21","0x56fcbc19e55bc9f91c8d759f0f225c939468fb82","0xf7403f9e15c1f45921df0676d63f1a17daef9ad7","0","N/A","0x55d398326f99059ff775485246999027b3197955","Binance-Peg BSC-USD","BSC-USD"
"0xebd6ffa7abb4e13ad52f62e0b4b68112926dca611b089370a3bef163a6df69c8","43429467","1729868361","2024-10-25 14:59:21","0x56fcbc19e55bc9f91c8d759f0f225c939468fb82","0xf7403f9e15c1f45921df0676d63f1a17daef9ad7","100","N/A","0xea6102f639c72306016f64c6b001f97a63d71ae4","UЅDТ","UЅDТ"
"0x7407ba5ebd188e97c2e7d9b2817051f3d74c5b042365a9da509aa3b8cc6080e5","43429690","1729869030","2024-10-25 15:10:30","0x56fcbc19e55bc9f91c8d759f0f225c939468fb82","0xf73062ffb427bb0cd51b35632e304693c5ef9ad7","0","N/A","0x55d398326f99059ff775485246999027b3197955","Binance-Peg BSC-USD","BSC-USD"
"0x7407ba5ebd188e97c2e7d9b2817051f3d74c5b042365a9da509aa3b8cc6080e5","43429690","1729869030","2024-10-25 15:10:30","0x56fcbc19e55bc9f91c8d759f0f225c939468fb82","0xf73062ffb427bb0cd51b35632e304693c5ef9ad7","100","N/A","0x81e914eb168fd86f50d5b1de23a3301ea42fa08b","UЅDТ","UЅDТ"
